firm,target,inn
ООО «РАДИАТОР ОПТ»,https://etpgpb.ru/suppliers/121142-ooo-radiator-opt/,9723102473
АВАНЕСОВ РОМАН ГЕОРГИЕВИЧ,https://etpgpb.ru/suppliers/121411-avanesov-roman-georgievich/,770800356137
"ООО ""Счастливые Проекты""",https://etpgpb.ru/suppliers/26426-ooo-schastlivye-proekty/,7718304600
"ООО ""ВЫСОТА-М""",https://etpgpb.ru/suppliers/121778-ooo-vysota-m/,7734715894
"ООО ""ГРАТА АДВ""",https://etpgpb.ru/suppliers/124534-ooo-grata-adv/,7727713286
"ООО ""ХОЛДИНГОВАЯ КОМПАНИЯ ""ЗЕЛЕНЫЙ БЕРЕГ XXI ВЕК""",https://etpgpb.ru/suppliers/112464-ooo-holdingovaya-kompaniya-zelenyy-bereg-xxi-vek/,7706272866
"ООО ""ЭФХИМ""",https://etpgpb.ru/suppliers/61726-ooo-efhim/,5036109032
"АО ""НПЦ СПЕЦНЕФТЬПРОДУКТ""",https://etpgpb.ru/suppliers/2628-ao-npts-spetsneftprodukt/,7706210718
"ООО ""АВИВИР""",https://etpgpb.ru/suppliers/122534-ooo-avivir/,5047227711
"ООО ""ВАРИАНТ ГРУП""",https://etpgpb.ru/suppliers/115574-ooo-variant-grup/,7720742217
"АО ""НИИИ""",https://etpgpb.ru/suppliers/62362-ao-niii/,5001086137
"ООО ""МИР КАШЕМИРА""",https://etpgpb.ru/suppliers/125998-ooo-mir-kashemira/,7724355000
"АО ""КАПИТАЛ-ПРОК""",https://etpgpb.ru/suppliers/126027-ao-kapital-prok/,7727107856
"АО ""ДЕБЮТ""",https://etpgpb.ru/suppliers/126403-ao-debyut/,5053004833
"ООО ""СПЕЦПИТ""",https://etpgpb.ru/suppliers/121650-ooo-spetspit/,9715305656
"ООО ""ФАМА ПРОФИ ЦЕНТР""",https://etpgpb.ru/suppliers/126795-ooo-fama-profi-tsentr/,7736252698
"ООО ""НПК ПОЖХИМЗАЩИТА""",https://etpgpb.ru/suppliers/115007-ooo-npk-pozhhimzaschita/,7725403923
"АО ""МИКРОН""",https://etpgpb.ru/suppliers/126898-ao-mikron/,7735007358
АО НИИТМ,https://etpgpb.ru/suppliers/126244-ao-niitm/,7735043966
"ООО ТК ""ОЛДИС""",https://etpgpb.ru/suppliers/107153-ooo-tk-oldis/,7726658635
"ООО ""ПЕТРОПОЛЬ""",https://etpgpb.ru/suppliers/114907-ooo-petropol/,7734614590
"ООО ""ДЭФО-МСК""",https://etpgpb.ru/suppliers/56217-ooo-defo-msk/,7715713860
"ООО ""Арт-Мёбиле""",https://etpgpb.ru/suppliers/3705-ooo-art-myobile/,7736603071
"ООО ""ФАБРИКА РАБОЧЕЙ ОБУВИ""",https://etpgpb.ru/suppliers/126933-ooo-fabrika-rabochey-obuvi/,7722395255
"ООО ""ПЕНТАПАВ""",https://etpgpb.ru/suppliers/118345-ooo-pentapav/,7704694100
"ООО ""НПП ПромГрафит""",https://etpgpb.ru/suppliers/119120-ooo-npp-promgrafit/,7743651372
"ООО ""КВАНТУМ АРТ""",https://etpgpb.ru/suppliers/126816-ooo-kvantum-art/,7710348966
"АО ""НПО ""СКАНЕР""",https://etpgpb.ru/suppliers/126316-ao-npo-skaner/,7703614504
"ООО ""ПКП КОРД""",https://etpgpb.ru/suppliers/126785-ooo-pkp-kord/,5074111314
"ООО ""ГРАНД-ЧЕТРА""",https://etpgpb.ru/suppliers/126843-ooo-grand-chetra/,7733298398
"АО ""ФПГ ЭНЕРГОКОНТРАКТ""",https://etpgpb.ru/suppliers/118074-ao-fpg-energokontrakt/,7703268269
"АО ""ТЕЛЕОФИС""",https://etpgpb.ru/suppliers/116560-ao-teleofis/,7726593280
"ООО ""НВ-ЛАБ""",https://etpgpb.ru/suppliers/7809-ooo-nv-lab/,9715253140
"ООО ТД ""МЕГАПРОМ""",https://etpgpb.ru/suppliers/48604-ooo-td-megaprom/,7728207973
"ООО ""СВАРБИ""",https://etpgpb.ru/suppliers/2545-ooo-svarbi/,7726307154
"ООО ""СОФЭКС-СИЛИКОН""",https://etpgpb.ru/suppliers/108116-ooo-sofeks-silikon/,7720293949
"ООО ""АКСИОМА ЭЛЕКТРИКА""",https://etpgpb.ru/suppliers/118896-ooo-aksioma-elektrika/,5050106160
"ООО ""МОДУС""",https://etpgpb.ru/suppliers/126633-ooo-modus/,7726691417
"ООО ""ПРОМСВЯЗЬДИЗАЙН""",https://etpgpb.ru/suppliers/118121-ooo-promsvyazdizayn/,7701193561
"ОАО ""ЭЗТМ""",https://etpgpb.ru/suppliers/126651-oao-eztm/,5053000564
"ООО ""СТАЛЕПРОМЫШЛЕННАЯ КОМПАНИЯ ""РЕГИОН""",https://etpgpb.ru/suppliers/126712-ooo-stalepromyshlennaya-kompaniya-region/,7721480860
"ООО ""СТРОЙЛОГИСТИКА""",https://etpgpb.ru/suppliers/67723-ooo-stroylogistika/,7720812175
"ООО ""Арсет""",https://etpgpb.ru/suppliers/117871-ooo-arset/,7728520463
"ООО МНПП ""АНТРАКС""",https://etpgpb.ru/suppliers/120450-ooo-mnpp-antraks/,7735116935
"ООО ""ЛУИС+""",https://etpgpb.ru/suppliers/122058-ooo-luis/,5040070405
ГОРОДКОВ ИГОРЬ ВЛАДИМИРОВИЧ,https://etpgpb.ru/suppliers/121569-gorodkov-igor-vladimirovich/,770404248071
"ООО ""БИГПРИНТЕР ЦИФРОВЫЕ ИННОВАЦИИ""",https://etpgpb.ru/suppliers/126368-ooo-bigprinter-tsifrovye-innovatsii/,7703795272
"ООО ""ВЕГА-ГАЗ""",https://etpgpb.ru/suppliers/117424-ooo-vega-gaz/,7704173066
"ООО НПП ""ГАЗЭЛЕКТРОПРИБОР""",https://etpgpb.ru/suppliers/116739-ooo-npp-gazelektropribor/,7731560272
"ООО ""ЮПХ""",https://etpgpb.ru/suppliers/120730-ooo-yuph/,7726383028
ПАО КМЗ,https://etpgpb.ru/suppliers/126215-pao-kmz/,5024022965
"ООО ""ЭМЕРМЕД""",https://etpgpb.ru/suppliers/126308-ooo-emermed/,9723035202
"ООО ""М.К. АСЕПТИКА""",https://etpgpb.ru/suppliers/126351-ooo-m-k-aseptika/,7705324328
"ООО ""АЙТИ-ТРЕЙД""",https://etpgpb.ru/suppliers/45280-ooo-ayti-treyd/,7724431396
"ООО ""ГИДРОТЕХИНЖИНИРИНГ""",https://etpgpb.ru/suppliers/126261-ooo-gidrotehinzhiniring/,7705489351
"ООО ""ПК ТЕХМАШ""",https://etpgpb.ru/suppliers/126304-ooo-pk-tehmash/,7704464280
ИП Долгов Е.Н.,https://etpgpb.ru/suppliers/39698-ip-dolgov-en/,505011812938
"ООО ""МАЯК СИСТЕМЫ""",https://etpgpb.ru/suppliers/124964-ooo-mayak-sistemy/,9709022890
"ПВ ООО ""ФИРМА ""ТЕХНОАВИА""",https://etpgpb.ru/suppliers/118041-pv-ooo-firma-tehnoavia/,7724152603
"ООО ""ЛЕД-ЭФФЕКТ""",https://etpgpb.ru/suppliers/44236-ooo-led-effekt/,7724759892
ООО «ЛАБОРАТОРИЯ АКВИЛОН»,https://etpgpb.ru/suppliers/121220-ooo-laboratoriya-akvilon/,7724483250
"АО ""ИННОВАТОР""",https://etpgpb.ru/suppliers/123362-ao-innovator/,7708312970
"ООО ""АКВАФЛАЙТ""",https://etpgpb.ru/suppliers/126109-ooo-akvaflayt/,7731417265
"ООО ""СКЗ ""КВАР""",https://etpgpb.ru/suppliers/126145-ooo-skz-kvar/,5043061102
"ООО ""КВАДРОСТРОЙ""",https://etpgpb.ru/suppliers/119309-ooo-kvadrostroy/,7728258110
"ООО ""РБР ТРЕЙД""",https://etpgpb.ru/suppliers/120693-ooo-rbr-treyd/,9701122645
"ООО ""ГОРТОРГСНАБ""",https://etpgpb.ru/suppliers/126081-ooo-gortorgsnab/,7736121046
"ООО ФИРМА ""А-БИО""",https://etpgpb.ru/suppliers/95881-ooo-firma-a-bio/,7704230067
"ООО ""ЛВТ+""",https://etpgpb.ru/suppliers/126127-ooo-lvt/,7735593920
"ООО ""ТЕХНОАНАЛИТПРИБОР""",https://etpgpb.ru/suppliers/126206-ooo-tehnoanalitpribor/,7705987050
"ООО НПП ""ЭЛЕМЕР""",https://etpgpb.ru/suppliers/121883-ooo-npp-elemer/,5044003551
"АО ""НПП ""ИНТЕРОКО""",https://etpgpb.ru/suppliers/125894-ao-npp-interoko/,5026115277
"ООО ""АЛЬФАКАБЕЛЬ""",https://etpgpb.ru/suppliers/121791-ooo-alfakabel/,7728822263
"ООО ""ЭКВАРЕМКОМПЛЕКТ""",https://etpgpb.ru/suppliers/89451-ooo-ekvaremkomplekt/,7702842353
"АО ""ЗОМЗ""",https://etpgpb.ru/suppliers/116518-ao-zomz/,5042010793
"АО ""МЗ ""САПФИР""",https://etpgpb.ru/suppliers/76370-ao-mz-sapfir/,7726014172
"ООО ""НПЦ ""ВТД""",https://etpgpb.ru/suppliers/122068-ooo-npts-vtd/,5003116972
"ООО ""ВАЙТЛ ГРУПП""",https://etpgpb.ru/suppliers/126065-ooo-vaytl-grupp/,7726477244
"ООО ""КОНСИСТ""",https://etpgpb.ru/suppliers/126116-ooo-konsist/,7717289050
"ПАО ""РОСТЕЛЕКОМ""",https://etpgpb.ru/suppliers/117271-pao-rostelekom/,7707049388
"ООО ""ГРУППА АРТОС""",https://etpgpb.ru/suppliers/115198-ooo-gruppa-artos/,7728694854
"ООО ""ИНТЕРКОМ АЛЬЯНС""",https://etpgpb.ru/suppliers/114636-ooo-interkom-alyans/,7723790963
"ООО ""ЗАВОД МЕТАЛЛОИЗДЕЛИЙ""",https://etpgpb.ru/suppliers/62058-ooo-zavod-metalloizdeliy/,7726714671
"ООО ""НПП ""ФОЛТЕР""",https://etpgpb.ru/suppliers/112210-ooo-npp-folter/,7713034421
ФКУ ИК-5 УФСИН РОССИИ ПО МОСКОВСКОЙ ОБЛАСТИ,https://etpgpb.ru/suppliers/114370-fku-ik-5-ufsin-rossii-po-moskovskoy-oblasti/,5028002430
"АО ""ЗАВОД МОЛМАШ""",https://etpgpb.ru/suppliers/85671-ao-zavod-molmash/,9715275585
"ООО ""МЕДПЛАНТ""",https://etpgpb.ru/suppliers/114256-ooo-medplant/,7718156134
"ООО ""И. К. ВЕЛЕС""",https://etpgpb.ru/suppliers/94722-ooo-i-k-veles/,5012036113
"ООО ""ЭЙЛИТОН""",https://etpgpb.ru/suppliers/95521-ooo-eyliton/,7725219603
"ООО ""АВИАТЕКС""",https://etpgpb.ru/suppliers/124771-ooo-aviateks/,5047255042
"ООО ""МП""",https://etpgpb.ru/suppliers/94179-ooo-mp/,7718726183
"ООО ""ХИТ МАШИНЕРИ""",https://etpgpb.ru/suppliers/7565-ooo-hit-mashineri/,7714960930
"ООО ""МОСКОВСКАЯ ШИННАЯ КОМПАНИЯ""",https://etpgpb.ru/suppliers/78456-ooo-moskovskaya-shinnaya-kompaniya/,5027189296
"ООО ""ЭКВАРЕМСЕРВИС""",https://etpgpb.ru/suppliers/109414-ooo-ekvaremservis/,7725521444
"ООО ""АЗ-И""",https://etpgpb.ru/suppliers/118420-ooo-az-i/,7719455867
"ООО ""ПРОФЕССИОНАЛЬНЫЕ РЕШЕНИЯ""",https://etpgpb.ru/suppliers/111039-ooo-professionalnye-resheniya/,7727849054
"АО ""НИТИ ИМ. П.И. СНЕГИРЕВА""",https://etpgpb.ru/suppliers/75967-ao-niti-im-pi-snegireva/,5012071164
"ООО ""КОНМЕТ""",https://etpgpb.ru/suppliers/39008-ooo-konmet/,7743085254
"ООО ""КАРСТОН""",https://etpgpb.ru/suppliers/121983-ooo-karston/,5036172210
"АО ""ПТС""",https://etpgpb.ru/suppliers/106095-ao-pts/,7726314000
"ООО ""НПК ""ХИМАЭРОПРОФ""",https://etpgpb.ru/suppliers/112184-ooo-npk-himaeroprof/,7709492620
"ООО ""АКАДЕМИЯ ВИНА""",https://etpgpb.ru/suppliers/125817-ooo-akademiya-vina/,7729681914
"ООО ""ЭЛЬГАЗ""",https://etpgpb.ru/suppliers/123757-ooo-elgaz/,7723823538
"ООО ""Торговый Дом АДЛ""",https://etpgpb.ru/suppliers/45515-ooo-torgovyy-dom-adl/,7718625072
"ООО ""СИЛТЭК""",https://etpgpb.ru/suppliers/93942-ooo-siltek/,7708055673
"ЗАО СКБ ""ТЕРМОПРИБОР""",https://etpgpb.ru/suppliers/33881-zao-skb-termopribor/,7724123433
"ООО ""ДЖИМАРА""",https://etpgpb.ru/suppliers/114538-ooo-dzhimara/,7727313908
"АО ""АРТПЛАСТ""",https://etpgpb.ru/suppliers/119926-ao-artplast/,5037050871
"ООО ""РАПАРТ СЕРВИСЕЗ""",https://etpgpb.ru/suppliers/123467-ooo-rapart-servisez/,7725497858
"ООО ""КОМПОНЕНТ-РЕАКТИВ""",https://etpgpb.ru/suppliers/123575-ooo-komponent-reaktiv/,7725305725
"АО ""ФОРУМ ЭЛЕКТРО""",https://etpgpb.ru/suppliers/125523-ao-forum-elektro/,7713043056
"ООО ""ИФОТОП""",https://etpgpb.ru/suppliers/124949-ooo-ifotop/,7710936580
"ООО ""НГС ГРУПП""",https://etpgpb.ru/suppliers/115480-ooo-ngs-grupp/,9701103890
"ООО ""АЛЬФАКИП""",https://etpgpb.ru/suppliers/43776-ooo-alfakip/,7715439455
"ООО ""НПО МИДАСОТ""",https://etpgpb.ru/suppliers/41449-ooo-npo-midasot/,7723654897
"ООО ""ВЕРЖЕ""",https://etpgpb.ru/suppliers/91791-ooo-verzhe/,7717656649
"ООО ""ТЕРМОАВТОМАТИКА""",https://etpgpb.ru/suppliers/124881-ooo-termoavtomatika/,5029189245
"ООО ""НПО ДИОД""",https://etpgpb.ru/suppliers/124883-ooo-npo-diod/,9715224750
"ООО ""ССТЭНЕРГОМОНТАЖ""",https://etpgpb.ru/suppliers/117345-ooo-sstenergomontazh/,5029120275
"ООО ""ФАСОН""",https://etpgpb.ru/suppliers/124866-ooo-fason/,7706435207
"ООО ""ВСЕСВЕТОДИОДЫ""",https://etpgpb.ru/suppliers/118750-ooo-vsesvetodiody/,7729770787
"ООО ""МЕТМЕБЕЛЬ""",https://etpgpb.ru/suppliers/125085-ooo-metmebel/,7726630372
"ООО ""СТЕКЛОПРИБОР""",https://etpgpb.ru/suppliers/117291-ooo-steklopribor/,5020024143
"ООО ""МЕБЕЛЬТЕХ""",https://etpgpb.ru/suppliers/2330-ooo-mebelteh/,7733772561
"АО ""ГЕОСВИП""",https://etpgpb.ru/suppliers/115721-ao-geosvip/,7708013842
"ООО ""НТЦ ""ПРАКТИК-НОВАТОР""",https://etpgpb.ru/suppliers/124598-ooo-ntts-praktik-novator/,7702434837
"ООО ""ДИАЭМ""",https://etpgpb.ru/suppliers/124613-ooo-diaem/,7743841430
"ООО ""КОНДИТЕРСКИЙ ХОЛДИНГ ""КОРОЛЕВСКИЙ""",https://etpgpb.ru/suppliers/116624-ooo-konditerskiy-holding-korolevskiy/,7708701831
"ООО ""НТТ""",https://etpgpb.ru/suppliers/124662-ooo-ntt/,7707622256
"ООО ПРЕДПРИЯТИЕ ""АРТ-МОДЕРН КЕРАМИКА""",https://etpgpb.ru/suppliers/2118-ooo-predpriyatie-art-modern-keramika/,7723125188
"ООО ""КОМПАС-Р""",https://etpgpb.ru/suppliers/116671-ooo-kompas-r/,9717014772
"ООО ""РУСХИМХОЛДИНГ""",https://etpgpb.ru/suppliers/118044-ooo-rushimholding/,5007059588
"ООО ""АКЗ ПОКРЫТИЯ""",https://etpgpb.ru/suppliers/117877-ooo-akz-pokrytiya/,7736534942
"ООО НПП ""СПЕЦКАБЕЛЬ""",https://etpgpb.ru/suppliers/117987-ooo-npp-spetskabel/,7701165130
"ООО ""МЕДИПАЛТЕХ""",https://etpgpb.ru/suppliers/124002-ooo-medipalteh/,9723048032
"ООО ""ТЕХНОШАНС 2006""",https://etpgpb.ru/suppliers/115292-ooo-tehnoshans-2006/,7701651772
"ООО ""КОМПАНИЯ АВИАТЕКС""",https://etpgpb.ru/suppliers/121921-ooo-kompaniya-aviateks/,5047119748
"ООО ""ГОРОД 77""",https://etpgpb.ru/suppliers/121756-ooo-gorod-77/,7728482828
"ООО ""СОЮЗСПЕЦЗАЩИТА""",https://etpgpb.ru/suppliers/118045-ooo-soyuzspetszaschita/,7727848420
"ООО ""ЭКСПРЕСС МАНУФАКТУРА""",https://etpgpb.ru/suppliers/124372-ooo-ekspress-manufaktura/,7726454494
"ООО ""НПО ""СпецПолимер""",https://etpgpb.ru/suppliers/117868-ooo-npo-spetspolimer/,7705796793
"АО ""Хилти Дистрибьюшн ЛТД""",https://etpgpb.ru/suppliers/115243-ao-hilti-distribyushn-ltd/,7710050305
"ООО ""СДС-ФУДС""",https://etpgpb.ru/suppliers/123200-ooo-sds-fuds/,7708153222
"ООО ""ГАЗХОЛОДТЕХНИКА""",https://etpgpb.ru/suppliers/117391-ooo-gazholodtehnika/,7720261739
"ООО ""ХОББИКА""",https://etpgpb.ru/suppliers/123381-ooo-hobbika/,7720668789
"ООО ""КАРПЕТ ДИЗАЙН""",https://etpgpb.ru/suppliers/123199-ooo-karpet-dizayn/,7704239704
"ООО ""ПЕТРОИНЖИНИРИНГ""",https://etpgpb.ru/suppliers/117217-ooo-petroinzhiniring/,7728679260
"ООО ""НОВЫЙ АЙ ТИ ПРОЕКТ""",https://etpgpb.ru/suppliers/119614-ooo-novyy-ay-ti-proekt/,7724338125
"ООО ""ВЕЛКО""",https://etpgpb.ru/suppliers/2773-ooo-velko/,7732021749
"ЗАО ТД ""Завод ""СИТОМО""",https://etpgpb.ru/suppliers/51798-zao-td-zavod-sitomo/,7719246976
"ООО ""РТМТ""",https://etpgpb.ru/suppliers/116344-ooo-rtmt/,7702508486
"ООО ""ОКРУГ""",https://etpgpb.ru/suppliers/123793-ooo-okrug/,7703003336
"ООО ""ОСТЕК-ЭЛЕКТРО""",https://etpgpb.ru/suppliers/122821-ooo-ostek-elektro/,7731483966
"АО ""ЭКОС-1""",https://etpgpb.ru/suppliers/122877-ao-ekos-1/,7729328949
"ООО ""ЭСКО 3Э""",https://etpgpb.ru/suppliers/122949-ooo-esko-3e/,7733816402
"ООО ""АРТИФО""",https://etpgpb.ru/suppliers/45312-ooo-artifo/,7733789283
"ООО ""ТЕРРА ЭКОЛОГИЯ ИНЖИНИРИНГ""",https://etpgpb.ru/suppliers/120199-ooo-terra-ekologiya-inzhiniring/,7706741620
"ООО ""АНП СЕРВИС""",https://etpgpb.ru/suppliers/114827-ooo-anp-servis/,7701758821
"ООО ""ПЕТРОТЕХ""",https://etpgpb.ru/suppliers/116836-ooo-petroteh/,7702548633
"ООО ""ПКЦ СПЕЦТЕХСБЫТ""",https://etpgpb.ru/suppliers/122870-ooo-pkts-spetstehsbyt/,7711086470
"ООО ""ТОР-ИМПЕКС""",https://etpgpb.ru/suppliers/115276-ooo-tor-impeks/,7710352419
"ООО ""ЗВО ""ИННОВЕНТ""",https://etpgpb.ru/suppliers/121144-ooo-zvo-innovent/,5002003398
"ООО ""ХИМТЕКС""",https://etpgpb.ru/suppliers/121282-ooo-himteks/,7705026410
ООО «МОНТРАНС»,https://etpgpb.ru/suppliers/121646-ooo-montrans/,7734415114
"ООО ""ПРОМТЕХ""",https://etpgpb.ru/suppliers/121339-ooo-promteh/,7720778453
"ООО ""ДИАКОМС""",https://etpgpb.ru/suppliers/121794-ooo-diakoms/,7721758643
"ООО ""СПЕЦБИОТЕХ""",https://etpgpb.ru/suppliers/121874-ooo-spetsbioteh/,7701844661
МКЗ,https://etpgpb.ru/suppliers/121938-mkz/,5004018590
"АО ""ЭЛЕКТРОЩИТ""",https://etpgpb.ru/suppliers/114222-ao-elektroschit/,5048081818
"ООО ""АЛМАФУД""",https://etpgpb.ru/suppliers/122323-ooo-almafud/,7724642510
"ООО ""БИЗНЕСБЛАНКСЕРВИС С""",https://etpgpb.ru/suppliers/32401-ooo-biznesblankservis-s/,7730151446
"ООО ""ТЦ Комус""",https://etpgpb.ru/suppliers/25740-ooo-tts-komus/,7706202481
"АО ""ОПТИКОМ""",https://etpgpb.ru/suppliers/114225-ao-optikom/,7734523776
"ООО ""СПЕЦПРОМТОРГ""",https://etpgpb.ru/suppliers/29724-ooo-spetspromtorg/,7719868617
"ООО ""НТА-ПРОМ""",https://etpgpb.ru/suppliers/5089-ooo-nta-prom/,5003083340
"АО ""ВОСТОК-СЕРВИС-СПЕЦКОМПЛЕКТ""",https://etpgpb.ru/suppliers/118032-ao-vostok-servis-spetskomplekt/,7722202993
"ООО ""МЕТАЛЛ-ЗАВОД""",https://etpgpb.ru/suppliers/2259-ooo-metall-zavod/,7720525156
"ООО ""ЛАЙТКОМ""",https://etpgpb.ru/suppliers/126442-ooo-laytkom/,7735585542
"ООО ""ДЖИЭСЭС КОСМЕТИКС""",https://etpgpb.ru/suppliers/122399-ooo-dzhieses-kosmetiks/,7709490887
"ООО ""МОРКНИГА""",https://etpgpb.ru/suppliers/2435-ooo-morkniga/,5047060011
"ООО ""ТЕПЛОВЫЕ СИСТЕМЫ""",https://etpgpb.ru/suppliers/114982-ooo-teplovye-sistemy/,7709757731
"ООО ""ДМТ""",https://etpgpb.ru/suppliers/124736-ooo-dmt/,9731049784
"ООО НПК ""ПРОМТЕХМАСТЕР""",https://etpgpb.ru/suppliers/119467-ooo-npk-promtehmaster/,5038129267
"ООО ""ГАСЗНАК""",https://etpgpb.ru/suppliers/2571-ooo-gasznak/,7743130620
"ООО НПК ""ТЕХНОПРОМ""",https://etpgpb.ru/suppliers/115621-ooo-npk-tehnoprom/,7718289053
"ООО ""АМИРКОМ""",https://etpgpb.ru/suppliers/47701-ooo-amirkom/,7743884472
"ООО ""ЭЛЕКТРОНПРИБОР""",https://etpgpb.ru/suppliers/108063-ooo-elektronpribor/,5052014518
"ООО ""ЭКОСФЕРА""",https://etpgpb.ru/suppliers/127236-ooo-ekosfera/,7726747941
"ООО ""СЛАВЯНСКАЯ МЕБЕЛЬ""",https://etpgpb.ru/suppliers/116012-ooo-slavyanskaya-mebel/,7709438534
ООО «АРТБУМ»,https://etpgpb.ru/suppliers/122666-ooo-artbum/,7751114149
"АО ""ЛОНМАДИ""",https://etpgpb.ru/suppliers/111516-ao-lonmadi/,7714095226
ООО «ВсеИнструменты.ру»,https://etpgpb.ru/suppliers/2553-ooo-vseinstrumenty-ru/,7722753969
"ООО ""МРСС""",https://etpgpb.ru/suppliers/106592-ooo-mrss/,7722766774
"ООО ""СТРОЙКАПИТАЛТЕХНО""",https://etpgpb.ru/suppliers/114337-ooo-stroykapitaltehno/,5036165090
"АО ""АРКТЕХ""",https://etpgpb.ru/suppliers/119906-ao-arkteh/,7730683761
"ООО НПП ""ЗЕЛАКС""",https://etpgpb.ru/suppliers/30629-ooo-npp-zelaks/,5044097824
"ООО ""АВТОКОМПОНЕНТ""",https://etpgpb.ru/suppliers/5322-ooo-avtokomponent/,7734388630
"ООО ""ТД ""ДОКА""",https://etpgpb.ru/suppliers/107077-ooo-td-doka/,7723827910
"ООО ""М-ИНВЕСТ""",https://etpgpb.ru/suppliers/26843-ooo-m-invest/,7743553167
"ООО ""АЛОНТА АГ""",https://etpgpb.ru/suppliers/59588-ooo-alonta-ag/,7733122771
"ООО ""НПЦ ""КРОПУС-ПО""",https://etpgpb.ru/suppliers/114410-ooo-npts-kropus-po/,5031052390
"ПАО ""Газпром автоматизация""",https://etpgpb.ru/suppliers/117715-pao-gazprom-avtomatizatsiya/,7704028125
"ООО ""ПАРСЕК""",https://etpgpb.ru/suppliers/120677-ooo-parsek/,7735563718
"ООО ""ДИЛЕРСКИЙ ЦЕНТР ЮНИСОО""",https://etpgpb.ru/suppliers/124858-ooo-dilerskiy-tsentr-yunisoo/,5047096152
АО НПО «Тяжпромарматура»,https://etpgpb.ru/suppliers/117545-ao-npo-tyazhpromarmatura/,7717662787
"ООО ""СПЕЦДИРЕКТМОНТАЖ""",https://etpgpb.ru/suppliers/127200-ooo-spetsdirektmontazh/,7729464356
"ООО ""ОФИСМАГ""",https://etpgpb.ru/suppliers/124251-ooo-ofismag/,5009062762
"АО ""ТСТ""",https://etpgpb.ru/suppliers/117502-ao-tst/,5012034772
"ООО ""ГАЗ ФАРМЭК""",https://etpgpb.ru/suppliers/120624-ooo-gaz-farmek/,7701814988
"ООО ""НЬЮЛАЙТ""",https://etpgpb.ru/suppliers/7749-ooo-nyulayt/,7725790038
"ООО ""ОРГГАЗНЕФТЬ""",https://etpgpb.ru/suppliers/5550-ooo-orggazneft/,7736603191
"ООО ""ЗАЩИТНЫЕ ПОКРЫТИЯ""",https://etpgpb.ru/suppliers/127132-ooo-zaschitnye-pokrytiya/,7730617215
"ООО ""РУТЕЛЬ""",https://etpgpb.ru/suppliers/4279-ooo-rutel/,7733304316
"ООО ""ЕТК""",https://etpgpb.ru/suppliers/120689-ooo-etk/,7727411976
"АО ""АТЛАНТИКТРАНСГАЗСИСТЕМА"" АО ""АТГС""",https://etpgpb.ru/suppliers/117717-ao-atlantiktransgazsistema-ao-atgs/,7723011060
"ООО ""АВЭЛ ГРУПП""",https://etpgpb.ru/suppliers/44742-ooo-avel-grupp/,7731485040
"ООО ""АППОМЕД""",https://etpgpb.ru/suppliers/36885-ooo-appomed/,7733865216
"ООО ""АМП КОМПЛЕКТ""",https://etpgpb.ru/suppliers/56332-ooo-amp-komplekt/,7703203409
"ООО ""МК ВИТА-ПУЛ""",https://etpgpb.ru/suppliers/61758-ooo-mk-vita-pul/,7713242245
"ООО ""РЕСЕМ""",https://etpgpb.ru/suppliers/127176-ooo-resem/,7716587872
"ООО ""ТРАНСИНСЕРВИС""",https://etpgpb.ru/suppliers/118036-ooo-transinservis/,7729130924
"ООО ""ПГА-ИНЖИНИРИНГ""",https://etpgpb.ru/suppliers/121688-ooo-pga-inzhiniring/,9717081271
"ООО ""ВЕНТОПРО""",https://etpgpb.ru/suppliers/126841-ooo-ventopro/,7733638990
"ОАО ""КБК ""ЧЕРЕМУШКИ""",https://etpgpb.ru/suppliers/123165-oao-kbk-cheremushki/,7728060368
"ОБЩЕСТВО С ОГРАНИЧЕННОЙ ОТВЕТСТВЕННОСТЬЮ ""ЭВАРС""",https://etpgpb.ru/suppliers/125191-obschestvo-s-ogranichennoy-otvetstvennostyu-evars/,7723421405
"ООО ""ДЕКОР-ЖАЛЮЗИ""",https://etpgpb.ru/suppliers/43356-ooo-dekor-zhalyuzi/,7705902917
"ООО ""ТЕКСТИЛЬ ХОЛДИНГ""",https://etpgpb.ru/suppliers/117173-ooo-tekstil-holding/,7717653045
"ООО ""СТИЛ-М""",https://etpgpb.ru/suppliers/5084-ooo-stil-m/,7705974534
"ООО ""ТИПОГРАФИЯ МЫ РЯДОМ""",https://etpgpb.ru/suppliers/94154-ooo-tipografiya-my-ryadom/,7725437961
"ООО ""СИСТЕМЫ ГАЗОВОЙ АВТОМАТИКИ""",https://etpgpb.ru/suppliers/117072-ooo-sistemy-gazovoy-avtomatiki/,7733313046
"ООО НПП ""ТЕХНО-ЦЕНТР""",https://etpgpb.ru/suppliers/117707-ooo-npp-tehno-tsentr/,7706766706
"ООО ""ГАЗТУРБОТЭК""",https://etpgpb.ru/suppliers/39434-ooo-gazturbotek/,7716744564
"ООО ""ПРОДРАЗВОЗКА""",https://etpgpb.ru/suppliers/119848-ooo-prodrazvozka/,7704593857
"ООО ""САМОСПАС""",https://etpgpb.ru/suppliers/32488-ooo-samospas/,7733669807
ООО «ЦЕНТР СПЕЦОДЕЖДЫ»,https://etpgpb.ru/suppliers/116694-ooo-tsentr-spetsodezhdy/,5030065526
"ООО ""КОМПАНИЯ ""ЛЕГПРОМРАЗВИТИЕ""",https://etpgpb.ru/suppliers/118033-ooo-kompaniya-legpromrazvitie/,7717682487
"ООО ""НАТ.ТЕХ""",https://etpgpb.ru/suppliers/126305-ooo-nat-teh/,9701174682
"ООО ""КВЕРС""",https://etpgpb.ru/suppliers/117024-ooo-kvers/,7743282750
"АО ""ПРИН""",https://etpgpb.ru/suppliers/114915-ao-prin/,7712032661
"ООО ""РАДИО-ДУПЛЕКС""",https://etpgpb.ru/suppliers/114487-ooo-radio-dupleks/,7718933750
